,customer_id,prob_churn,prediction
0,4163-HFTUK,0.02940902614875913,0
1,2433-KMEAS,0.1410399778974965,0
2,3022-BEXHZ,0.12012352824066869,0
3,9866-QEVEE,0.4909401539769457,0
4,5567-GZKQY,0.01229954004296268,0
5,3956-CJUST,0.4867173584351431,0
6,3148-AOIQT,0.006262978063071505,0
7,9360-OMDZZ,0.48244334580031123,0
8,5832-XKAES,0.5614264283355936,1
9,8957-THMOA,0.014760248493557863,0
10,8071-SBTRN,0.12464399951510113,0
11,5808-TOTXO,0.06841685139938519,0
12,1666-JXLKU,0.6011969388725761,1
13,6848-HJTXY,0.010616153853812989,0
14,6923-EFPNL,0.46928551259160556,0
15,8908-NMQTX,0.018967168385619154,0
16,2988-QRAJY,0.12284555082061663,0
17,1272-ILHFG,0.02093070216165533,0
18,7018-WBJNK,0.582186685962217,1
19,7856-GANIL,0.11335758259014085,0
20,0655-RBDUG,0.8244294953681949,1
21,4670-TABXH,0.026556015234590228,0
22,8722-PRFDV,0.016412143537246973,0
23,1431-CYWMH,0.07496891686833253,0
24,6641-XRPSU,0.3695773208368476,0
25,0599-XNYDO,0.394092356878996,0
26,2111-DWYHN,0.2861205655855945,0
27,9541-ZPSEA,0.059290293939323294,0
28,5614-DNZCE,0.032170772174971,0
29,6754-WKSHP,0.03190952728018544,0
30,5542-TBBWB,0.772071626896549,1
31,4525-VZCZG,0.3352282403166258,0
32,0519-XUZJU,0.7165866165462821,1
33,8083-YTZES,0.6420897535115909,1
34,2931-FSOHN,0.3362797859287982,0
35,7061-OVMIM,0.006634920979017325,0
36,1744-JHKYS,0.11039367708298442,0
37,1589-AGTLK,0.5239443646254773,1
38,3551-GAEGL,0.06705162415253356,0
39,8468-EHYJA,0.4487177835311694,0
40,9833-TGFHX,0.14000346537902936,0
41,6574-MCOEH,0.1267269514951486,0
42,3354-OADJP,0.09023039543107149,0
43,7020-OZKXZ,0.40878100204924084,0
44,6974-DAFLI,0.018909212794459757,0
45,1395-OFUWC,0.1787137776964248,0
46,0431-APWVY,0.22309739608826415,0
47,6734-PSBAW,0.005374574250938878,0
48,0730-BGQGF,0.006096371071120524,0
49,4795-UXVCJ,0.012427683586473332,0
50,2498-XLDZR,0.02082422226923258,0
51,2223-KAGMX,0.11279746825220316,0
52,7110-BDTWG,0.06227035915305512,0
53,1401-FTHFQ,0.01277746269194253,0
54,1761-AEZZR,0.8460561695819961,1
55,5366-OBVMR,0.2414321529281705,0
56,5451-MHQOF,0.026053388946704212,0
57,4106-HADHQ,0.14402391742322998,0
58,4971-PUYQO,0.4923634398502887,0
59,6845-RGTYS,0.30804681305192344,0
60,4892-VLANZ,0.24612523260051358,0
61,8631-XVRZL,0.03657133903581202,0
62,6910-HADCM,0.5991864783464539,1
63,8734-DKSTZ,0.601595972998014,1
64,7349-ALMUX,0.040192411879654916,0
65,9847-HNVGP,0.01687466442535224,0
66,7581-EBBOU,0.09169325195795305,0
67,5651-CRHKQ,0.15566591787050407,0
68,9411-TPQQV,0.17327736583694228,0
69,6693-DJWTY,0.054568105116499295,0
70,2845-HSJCY,0.555363793188429,1
71,6169-PGNCD,0.030601687327406167,0
72,9531-NSBMR,0.03922729583267614,0
73,6986-IXNDM,0.7029640618673204,1
74,0017-IUDMW,0.02555786811808109,0
75,4075-WKNIU,0.12312276705334414,0
76,7272-QDCKA,0.19305093936107118,0
77,2363-BJLSL,0.16036489487531502,0
78,4819-HJPIW,0.20747490415159092,0
79,5829-NVSQN,0.08638472324683524,0
80,4720-VSTSI,0.2488140056729068,0
81,1131-ALZWV,0.035309987096311175,0
82,9637-EIHEQ,0.5330290797471069,1
83,9708-KFDBY,0.2550985841008305,0
84,1585-MQSSU,0.20579829206482195,0
85,0917-EZOLA,0.07159143733215388,0
86,8146-QQKZH,0.012529098569193074,0
87,2897-DOVND,0.5614264283355936,1
88,3509-GWQGF,0.33473393912907573,0
89,9659-QEQSY,0.3016543865627114,0
90,2122-YWVYA,0.4254550968915299,0
91,6330-JKLPC,0.5074666813415974,1
92,1231-YNDEK,0.03898836288612835,0
93,5777-ZPQNC,0.026193105003578934,0
94,4334-HOWRP,0.029751564799361536,0
95,3275-RHRNE,0.1482943661868031,0
96,4919-MOAVT,0.5363860315814424,1
97,9779-DPNEJ,0.49930251954617283,0
98,9835-ZIITK,0.26054976552992426,0
99,2580-ATZSQ,0.071246668338545,0
100,3850-OKINF,0.07390729601682941,0
101,8559-CIZFV,0.06065345540291813,0
102,9993-LHIEB,0.013063836249749565,0
103,6668-CNMFP,0.19185145489043007,0
104,4335-UPJSI,0.019438216530121087,0
105,2748-MYRVK,0.2179443905638458,0
106,1038-ZAGBI,0.022094951781787303,0
107,8242-SOQUO,0.7521866849342096,1
108,7471-MQPOS,0.07218767418814308,0
109,2720-FVBQP,0.3867019531849419,0
110,0384-RVBPI,0.14514431150666396,0
111,3378-AJRAO,0.023526784201848706,0
112,5129-HHMZC,0.038857942427081474,0
113,9332-GYWLO,0.40298554481038806,0
114,9851-KIELU,0.6459745085019668,1
115,3717-LNXKW,0.26015278471286074,0
116,2845-AFFTX,0.5110497384575896,1
117,8807-ARQET,0.24635436674477154,0
118,3195-TQDZX,0.18395781382250292,0
119,8780-IHCRN,0.0012165823831029848,0
120,1352-VHKAJ,0.23036209945237757,0
121,4632-PAOYU,0.01125513556431037,0
122,2545-EBUPK,0.8336636636731791,1
123,3589-PPVKW,0.3685808497912772,0
124,3696-DFHHB,0.01408591149600365,0
125,3701-SFMUH,0.3577759468321884,0
126,0505-SPOOW,0.0032036450408184204,0
127,2082-OJVTK,0.41476324419673133,0
128,9591-YVTEB,0.2941231760653503,0
129,3489-VSFRD,0.08236915292391928,0
130,7240-ETPTR,0.4682960852484887,0
131,8999-EXMNO,0.004562389837153939,0
132,5202-IVJNU,0.18888377647023366,0
133,6671-NGWON,0.12073233207634373,0
134,0674-EYYZV,0.59020803732469,1
135,0840-DFEZH,0.564529408162273,1
136,6778-EICRF,0.09900108590603668,0
137,5089-IFSDP,0.15681428783880472,0
138,3643-AHCFP,0.7766084039843116,1
139,4896-CPRPF,0.002717490670020274,0
140,8597-CWYHH,0.19480173634675388,0
141,5440-FLBQG,0.08030129772359101,0
142,1455-ESIQH,0.8617020065208747,1
143,8747-UDCOI,0.023620604695511513,0
144,6476-EPYZR,0.08098531121525986,0
145,4021-RQSNY,0.5360887214124016,1
146,3312-UUMZW,0.5263196946284797,1
147,2388-LAESQ,0.019011439238493286,0
148,5442-XSDCW,0.62174572805507,1
149,9572-WUKSB,0.5336828666017276,1
150,1867-BDVFH,0.5824264397553506,1
151,0419-YAAPX,0.31039446805448084,0
152,7765-LWVVH,0.07640554394883634,0
153,2272-UOINI,0.37561369181094706,0
154,2007-QVGAW,0.021866283513694813,0
155,1216-JWVUX,0.42717808003635177,0
156,2360-RDGRO,0.4251789452772832,0
157,3213-VVOLG,0.055207403641990956,0
158,2853-CWQFQ,0.4767892982733734,0
159,5529-GIBVH,0.007299411900622841,0
160,5906-DVAPM,0.05634237468474418,0
161,3976-NLDEZ,0.2503617419955674,0
162,2869-ADAWR,0.30152920275932715,0
163,1428-IEDPR,0.1851362544500482,0
164,8166-ZZTFS,0.03906394779596246,0
165,7691-KGKGP,0.16127713949120395,0
166,8865-TNMNX,0.12295302275660648,0
167,2650-GYRYL,0.01954981469727337,0
168,9866-OCCKE,0.02650344537742737,0
169,1612-EOHDH,0.5791565539063239,1
170,9369-XFEHK,0.4576244846440407,0
171,9365-SRSZE,0.5087820317350773,1
172,9030-QGZNL,0.02571286701827275,0
173,4541-RMRLG,0.14938817628794818,0
174,4581-LNWUM,0.35890342898923444,0
175,7688-AWMDX,0.0711112003255007,0
176,9190-MFJLN,0.5758445110543287,1
177,3948-KXDUF,0.04169876846521601,0
178,4913-EHYUI,0.19608312016650445,0
179,3587-PMCOY,0.3640493397626483,0
180,9112-WSNPU,0.3648316945404643,0
181,8582-KRHPJ,0.19419070428958893,0
182,1475-VWVDO,0.49758156268260945,0
183,0899-LIIBW,0.43701394926065973,0
184,0807-ZABDG,0.3777487737927654,0
185,7379-FNIUJ,0.7247214043048916,1
186,5090-EMGTC,0.11414139085044331,0
187,4139-SUGLD,0.13702772081173048,0
188,5442-BXVND,0.09960324885052277,0
189,0074-HDKDG,0.08343113118034323,0
190,3774-VBNXY,0.0025656387746723665,0
191,0464-WJTKO,0.0012999647934811437,0
192,6618-RYATB,0.7815497421127227,1
193,0301-KOBTQ,0.00906660225051335,0
194,8532-UEFWH,0.006391483344012947,0
195,1960-UYCNN,0.66282951388279,1
196,6231-WFGFH,0.1877600352723764,0
197,0396-HUJBP,0.1367326064385588,0
198,8218-FFJDS,0.005818358074127673,0
199,3063-QFSZL,0.5697586145686501,1
200,0032-PGELS,0.41434389871948274,0
201,5006-MXVRN,0.0034190568749262007,0
202,1265-BCFEO,0.02261954034031583,0
203,3748-FVMZZ,0.5821586408939283,1
204,6804-GDMOI,0.20258711606737428,0
205,8364-TRMMK,0.4428266170335799,0
206,2672-HUYVI,0.8080027639880178,1
207,2812-ENYMO,0.1044565733311085,0
208,4951-UKAAQ,0.6865041845206139,1
209,7633-MVPUY,0.04252736378762293,0
210,0259-GBZSH,0.8092693790890351,1
211,9445-ZUEQE,0.32567032465445633,0
212,5429-LWCMV,0.5423660253983195,1
213,7181-BQYBV,0.7336844127944053,1
214,2482-CZGBB,0.42763393400284094,0
215,1222-LRYKO,0.1406651368271949,0
216,5248-KWLAR,0.006096371071120524,0
217,3255-GRXMG,0.1926791859276987,0
218,9185-TQCVP,0.7063518136472803,1
219,7302-ZHMHP,0.2294067928781022,0
220,2115-BFTIW,0.28247749663587773,0
221,9339-FIIJL,0.009803652952341889,0
222,5288-AHOUP,0.624194776825329,1
223,8591-TKMZH,0.13545310933098814,0
224,2378-YIZKA,0.001430808565036753,0
225,9600-UDOPK,0.46041029115843357,0
226,0880-FVFWF,0.19835606963259675,0
227,1982-FEBTD,0.00498641615085746,0
228,7562-GSUHK,0.5282038528225318,1
229,2068-WWXQZ,0.007299411900622841,0
230,4644-PIZRT,0.12308016812493117,0
231,6479-VDGRK,0.002167414636105338,0
232,8327-WKMIE,0.01854455279394685,0
233,8454-AATJP,0.05416356206387909,0
234,7295-JOMMD,0.7309238276599185,1
235,8859-DZTGQ,0.001813651469520795,0
236,9058-MJLZC,0.41473231978865427,0
237,5495-GPSRW,0.01801014152278252,0
238,8645-KWHJO,0.3854709978539301,0
239,7851-FLGGQ,0.5589605867242361,1
240,0112-QAWRZ,0.5133865148472605,1
241,2478-EEWWM,0.34051833909034124,0
242,9919-FZDED,0.018189939714500378,0
243,9297-EONCV,0.006475779967159277,0
244,4250-FDVOU,0.23010942885257243,0
245,7064-JHXCE,0.0011986437007807408,0
246,4480-MBMLB,0.28711145879275546,0
247,9351-LZYGF,0.16602986122555968,0
248,0625-AFOHS,0.0025387570542422587,0
249,5233-AOZUF,0.4769608670442895,0
250,4547-FZJWE,0.0629821711096542,0
251,4906-ZHGPK,0.06867848962694964,0
252,0739-UUAJR,0.0654637439561502,0
253,9081-WWXKP,0.0035387570542422587,0
254,5916-QEWPT,0.4484892142738056,0
255,0257-ZESQC,0.454098519728578,0
256,7603-USHJS,0.5347481048518273,1
257,2612-RANWT,0.759401812591722,1
258,3714-XPXBW,0.17246278222666295,0
259,4753-PADAS,0.2805889040142381,0
260,5071-FBJFS,0.32664725858297694,0
261,4277-BWBML,0.0012999647934811437,0
262,6100-FJZDG,0.010093295515432752,0
263,6849-OYAMU,0.2107019759609635,0
264,2186-QZEYA,0.2322413880248434,0
265,7486-KSRVI,0.2154782849867976,0
266,6807-SIWJI,0.2940514976259205,0
267,1591-XWLGB,0.0033172814044547844,0
268,5980-NOPLP,0.44733988198053337,0
269,6510-UPNKS,0.0359290347153588,0
270,0962-CQPWQ,0.002922781631815224,0
271,9518-XXBXE,0.4198757275918894,0
272,0854-UYHZD,0.006469298067981013,0
273,2661-GKBTK,0.014299850919097168,0
274,7868-BGSZA,0.11489355065335959,0
275,0931-MHTEM,0.22142304178174993,0
276,5605-XNWEN,0.013211711763133476,0
277,0818-OCPZO,0.4723410262265068,0
278,4091-TVOCN,0.1045003499841392,0
279,3338-CVVEH,0.6123857053651001,1
280,2144-BFDSO,0.2880697460464288,0
281,1941-HOSAM,0.7875616319664842,1
282,3488-PGMQJ,0.5080645607052103,1
283,2625-TRCZQ,0.3151793682101046,0
284,4628-CTTLA,0.24848306605981205,0
285,3647-GMGDH,0.35650256433118677,0
286,1159-WFSGR,0.07677917475912342,0
287,5318-IXUZF,0.7190483816203946,1
288,0420-BWTPW,0.21849431235790565,0
289,5671-RQRLP,0.09246679907465616,0
290,5918-VUKWP,0.02741862125146875,0
291,3043-SUDUA,0.07561434763559381,0
292,1400-WIVLL,0.14588105996670245,0
293,5469-NUJUR,0.012946149090710004,0
294,5751-USDBL,0.02264644093375017,0
295,0841-NULXI,0.6421479381164669,1
296,7147-AYBAA,0.4062610483783912,0
297,9357-UJRUN,0.10338057845155786,0
298,0220-EBGCE,0.7319001956338408,1
299,0927-LCSMG,0.3817342885502181,0
300,8734-FNWVH,0.22248564856138173,0
301,3272-VUHPV,0.2640943926631773,0
302,6202-DYYFX,0.13817871958540204,0
303,6137-MFAJN,0.218626466343517,0
304,3170-GWYKC,0.3364918821575907,0
305,6728-WYQBC,0.2834273334540322,0
306,7395-XWZOY,0.1643523381397279,0
307,9565-AXSMR,0.0173287870139069,0
308,0786-VSSUD,0.5117610922471247,1
309,4039-PIMHX,0.10302611517886398,0
310,9067-SQTNS,0.01532577853798157,0
311,8619-IJNDK,0.026274346797356015,0
312,4324-AHJKS,0.2844273528304253,0
313,4335-BSMJS,0.014790640433257129,0
314,2623-DRYAM,0.18538460190702458,0
315,3873-WOSBC,0.010620330457376991,0
316,3716-LRGXK,0.10194836924820136,0
317,0356-ERHVT,0.34620084212551566,0
318,4652-NNHNY,0.5135251016662538,1
319,8242-PDSGJ,0.05869896910290993,0
320,0506-LVNGN,0.5365242201231958,1
321,9138-EFSMO,0.12496391692468146,0
322,7945-PRBVF,0.00490016755664534,0
323,2983-ZANRP,0.5961306946421464,1
324,7242-QZLXF,0.5131584139923251,1
325,0856-NAOES,0.2676768005741519,0
326,5995-OIGLP,0.21033413517004093,0
327,9214-EKVXR,0.5453886898066567,1
328,7089-XXAYG,0.1359237324085496,0
329,4627-MIHJH,0.10669238399382547,0
330,8266-VBFQL,0.6857479216457435,1
331,2249-YPRNG,0.5517209156425135,1
332,4797-AXPXK,0.41632951595406065,0
333,6328-ZPBGN,0.7426166398483531,1
334,2642-DTVCO,0.7774228888223246,1
335,6519-ZHPXP,0.048423249468407564,0
336,9821-BESNZ,0.32806625943919515,0
337,0362-RAOQO,0.014445385870446564,0
338,3694-GLTJM,0.18446434988494925,0
339,8947-YRTDV,0.11246824953398939,0
340,3926-CUQZX,0.5800207376575105,1
341,3810-PJUHR,0.0023062833797807256,0
342,1596-BBVTG,0.2851329629776645,0
343,4566-NECEV,0.6183990404165065,1
344,2538-OIMXF,0.4403145458462701,0
345,5896-NPFWW,0.35213955342973413,0
346,8232-CTLKO,0.030220804848745186,0
347,7964-YESJC,0.16763522040883852,0
348,3754-DXMRT,0.6139527769944153,1
349,4488-PSYCG,0.08447739133424205,0
350,1010-DIAUQ,0.6691051024856861,1
351,2550-QHZGP,0.05063362529412223,0
352,8215-NGSPE,0.0008146191232077761,0
353,7781-EWARA,0.11739418863420054,0
354,5568-DMXZS,0.19661548262611295,0
355,6682-VCIXC,0.13159511791255707,0
356,5505-OVWQW,0.02570469777655632,0
357,9058-HRZSV,0.22503164688591468,0
358,2851-STERV,0.16297568735701481,0
359,6376-GAHQE,0.6235383400068648,1
360,2506-TNFCO,0.7460680241802415,1
361,5329-KRDTM,0.026137108914461943,0
362,2919-HBCJO,0.583766133999344,1
363,8173-RXAYP,0.004550933631325202,0
364,1640-PLFMP,0.7778481162993345,1
365,9633-DENPU,0.20477018093132704,0
366,5393-HJZSM,0.21043996567020462,0
367,2533-QVMSK,0.09052546696208749,0
368,1163-ONYEY,0.19220577798260796,0
369,8161-QYMTT,0.8041145206051695,1
370,4806-HIPDW,0.7109757004719184,1
371,6243-OZGFH,0.26556103791044716,0
372,0014-BMAQU,0.05864467288290174,0
373,3870-MQAMG,0.3082369917205083,0
374,7103-ZGVNT,0.08673722576992626,0
375,1846-XWOQN,0.783427298356585,1
376,9896-UYMIE,0.32805019918924344,0
377,4558-CGYCZ,0.13938223768078942,0
378,4702-HDRKD,0.08147674574216382,0
379,1448-PWKYE,0.722521952406735,1
380,6582-PLFUU,0.006523560558932761,0
381,5923-GXUOC,0.6813626038129105,1
382,3896-ZVNET,0.003011563010851015,0
383,6194-HBGQN,0.09742318548838272,0
384,3205-MXZRA,0.04749880711277252,0
385,1728-BQDMA,0.4875510150082264,0
386,7267-FRMJW,0.0008146191232077761,0
387,7982-VCELR,0.371276066595888,0
388,9644-UMGQA,0.39695639047846354,0
389,8740-CRYFY,0.8423904374978665,1
390,0621-CXBKL,0.04018848999934614,0
391,0795-LAFGP,0.006096371071120524,0
392,6075-QMNRR,0.18036279451850754,0
393,6152-ONASV,0.08470817947250485,0
394,4079-VTGLK,0.08500271529865536,0
395,4822-YCXMX,0.48425937216204074,0
396,6178-KFNHS,0.4740813122011777,0
397,3874-EQOEP,0.6710079848087338,1
398,5126-RCXYW,0.04293847717255121,0
399,7691-XVTZH,0.07153194250138921,0
400,4962-CHQPW,0.015910004998062797,0
401,8541-QVFKM,0.5330777959520313,1
402,2990-IAJSV,0.013911405993598764,0
403,1950-KSVVJ,0.2741740615369706,0
404,5753-QQWPW,0.11816607266144859,0
405,7950-XWOVN,0.20981485448895787,0
406,3096-IZETN,0.4895242980671463,0
407,3955-JBZZM,0.31975210236356655,0
408,0749-IRGQE,0.49324110160004553,0
409,6769-DYBQN,0.3001867660322046,0
410,7880-XSOJX,0.34019640374096516,0
411,4522-XRWWI,0.12200361163147169,0
412,1173-NOEYG,0.31203210513196694,0
413,2302-ANTDP,0.30075119237646486,0
414,8963-MQVYN,0.089506229494117,0
415,3077-RSNTJ,0.10593641611766827,0
416,3023-GFLBR,0.4115743507293101,0
417,0897-FEGMU,0.7211228523235609,1
418,6445-TNRXS,0.09069453036563743,0
419,7753-USQYQ,0.08746751692988344,0
420,7124-UGSUR,0.23193086590069342,0
421,1035-IPQPU,0.41883942536406776,0
422,6869-FGJJC,0.07969667792579917,0
423,9780-FKVVF,0.26898040062481055,0
424,3780-YVMFA,0.32575940858381897,0
425,8763-KIAFH,0.013771819889609299,0
426,5583-EJXRD,0.0423149215772822,0
427,2023-VQFDL,0.0955639994357832,0
428,4895-TMWIR,0.15299457658961224,0
429,0123-CRBRT,0.010297355798670716,0
430,2754-VDLTR,0.6152580518651252,1
431,7798-JVXYM,0.3641406859434106,0
432,2929-QNSRW,0.1550682873187927,0
433,0447-RXSGD,0.6074240470668261,1
434,0018-NYROU,0.4792199427610144,0
435,9711-FJTBX,0.09278883157314033,0
436,2868-SNELZ,0.5753691673276135,1
437,3298-QEICA,0.038004745439763614,0
438,3707-LRWZD,0.15216908227778875,0
439,8642-GVWRF,0.5294021588542577,1
440,7279-NMVJC,0.01687466442535224,0
441,3247-ZVOUO,0.6422408065978277,1
442,2604-XVDAM,0.26280249568184905,0
443,1371-WEPDS,0.14753710592633804,0
444,5378-IKEEG,0.6421479381164669,1
445,9274-UARKJ,0.5195654802194175,1
446,3800-LYTRK,0.07690224475629866,0
447,0932-YIXYU,0.006499411900622841,0
448,5650-YLIBA,0.4481761465223989,0
449,0067-DKWBL,0.5852383266721104,1
450,0410-IPFTY,0.4481357142696323,0
451,9819-FBNSV,0.5563170017664659,1
452,5440-VHLUL,0.3232189609300617,0
453,8676-TRMJS,0.5759254385469857,1
454,2480-SQIOB,0.3876149891040422,0
455,8276-MQBYC,0.41242812612103436,0
456,5510-BOIUJ,0.1904932146054226,0
457,9442-JTWDL,0.019825192864496063,0
458,6693-FRIRW,0.5277841435131652,1
459,5797-APWZC,0.8052511109471128,1
460,3030-YDNRM,0.545522723744355,1
461,2560-WBWXF,0.00845829161739154,0
462,4950-BDEUX,0.272664090511209,0
463,8133-ANHHJ,0.16682785620507443,0
464,6537-QLGEX,0.4249643277656623,0
465,9300-AGZNL,0.8826838050923206,1
466,0128-MKWSG,0.16846905107311635,0
467,0426-TIRNE,0.26748929046616465,0
468,2220-IAHLS,0.23254900695983974,0
469,0111-KLBQG,0.4243963595551678,0
470,7797-EJMDP,0.2322857036133165,0
471,8780-YRMTT,0.042504769523942214,0
472,8510-TMWYB,0.04597343471451436,0
473,7892-QVYKW,0.4163367289581145,0
474,7036-TYDEC,0.11248085209575798,0
475,6369-MCAKO,0.001430808565036753,0
476,9251-AWQGT,0.0027670000755887288,0
477,2075-PUEPR,0.02272887835555363,0
478,6990-YNRIO,0.10671062889037827,0
479,0139-IVFJG,0.6245918275124468,1
480,2332-TODQS,0.04374791260768876,0
481,6339-YPSAH,0.46883326527482794,0
482,8513-OLYGY,0.024027300959966157,0
483,6393-WRYZE,0.5132171682527636,1
484,1708-PBBOA,0.1401195293088702,0
485,1258-YMZNM,0.3305438431357026,0
486,2908-ZTPNF,0.17248731646668033,0
487,6827-IEAUQ,0.06072751383996647,0
488,6563-VNPMN,0.2683161734436012,0
489,3211-ILJTT,0.4483725419525053,0
490,8854-CCVSQ,0.4501482589692782,0
491,7055-JCGNI,0.11632236159832496,0
492,8760-ZRHKE,0.0723787166595489,0
493,3125-RAHBV,0.018289071952009878,0
494,2266-SJNAT,0.18973856735156397,0
495,0369-ZGOVK,0.15304408966611466,0
496,9705-ZJBCG,0.07838770444893492,0
497,1090-PYKCI,0.1383925173886526,0
498,4039-HEUNW,0.45355231736317586,0
499,3282-ZISZV,0.13796945907942612,0
500,1442-BQPVU,0.26551217897615215,0
501,5396-IZEPB,0.13796320649093988,0
502,7684-XSZIY,0.002263281627063892,0
503,9880-TDQAC,0.015267064141186955,0
504,5849-ASHZJ,0.014348351881531633,0
505,9720-JJJOR,0.1449929318266934,0
506,0003-MKNFE,0.3053552455274175,0
507,8714-EUHJO,0.40250342022957547,0
508,3407-JMJQQ,0.06292770748617231,0
509,6598-KELSS,0.09775207876812926,0
510,1834-ABKHQ,0.09817680518806085,0
511,5590-YRFJT,0.20427191078872997,0
512,7365-BVCJH,0.5705028554586278,1
513,2430-USGXP,0.5526032414615615,1
514,2469-DTSGX,0.05827195632892943,0
515,3585-ISXZP,0.6672173510874034,1
516,2888-ADFAO,0.0030008880637733635,0
517,1265-HVPZB,0.09433539411768535,0
518,0277-ORXQS,0.06763099285855706,0
519,6967-QIQRV,0.301169604047888,0
520,7921-BEPCI,0.04685216011172343,0
521,4910-GMJOT,0.8633502247093329,1
522,6521-YYTYI,0.8218893844678752,1
523,1855-CFULU,0.16736671014128812,0
524,8189-DUKMV,0.060960722516893585,0
525,4632-XJMEX,0.05075396740766859,0
526,8757-TFHHJ,0.5115942394684087,1
527,5828-AVIPD,0.2611928946453126,0
528,1261-FWTTE,0.3915129253675112,0
529,8735-NBLWT,0.07524635315685624,0
530,5696-JVVQY,0.03181225739200134,0
531,6537-OTKMY,0.18819343124271412,0
532,5472-CVMDX,0.05114456098425642,0
533,5924-IFQTT,0.24718416176568855,0
534,0603-OLQDC,0.29995918845850045,0
535,8050-DVOJX,0.05097113222120487,0
536,4566-GOLUK,0.3786038771762857,0
537,3873-NFTGI,0.2914660552181012,0
538,1635-FJFCC,0.45365587335300184,0
539,4001-TSBTV,0.23383813648071153,0
540,7159-FVYPK,0.3162862198755569,0
541,4412-YLTKF,0.47681164769170925,0
542,0684-AOSIH,0.7717691679784076,1
543,3685-YLCMQ,0.357080107527149,0
544,3893-JRNFS,0.24910001300712056,0
545,7562-UXTPG,0.40637840122867297,0
546,6917-FIJHC,0.009893805020169644,0
547,1506-YJTYT,0.01748943130841909,0
548,9025-AOMKI,0.803523818102309,1
549,4694-PHWFW,0.08123623282749025,0
550,4724-WXVWF,0.25717217865548525,0
551,4946-EDSEW,0.13152323271639457,0
552,1814-DKOLC,0.20542222311482547,0
553,6670-MFRPK,0.06190109998983706,0
554,7654-YWJUF,0.14871644047711358,0
555,1136-XGEQU,0.11868671716667782,0
556,2607-FBDFF,0.46502282700235276,0
557,5155-AZQPB,0.1596808949809111,0
558,6461-PPAXN,0.12283733886605225,0
559,0550-DCXLH,0.3096673801812132,0
560,4922-CVPDX,0.05451451960656242,0
561,4598-ZADCK,0.10196209672313968,0
562,0618-XWMSS,0.43357020149276126,0
563,4844-JJWUY,0.849705968444193,1
564,5536-RTPWK,0.44324712637353036,0
565,6365-MTGZX,0.45503439666682943,0
566,1352-HNSAW,0.023634791195004164,0
567,5073-RZGBK,0.07848056576039143,0
568,1349-WXNGG,0.2643814587026406,0
569,3506-OVLKD,0.04048803640002955,0
570,4312-KFRXN,0.008733966821013354,0
571,0822-GAVAP,0.6446847768783147,1
572,2155-AMQRX,0.15049042778488755,0
573,0811-GSDTP,0.1994972498260953,0
574,3420-YJLQT,0.5609709144120871,1
575,7130-YXBRO,0.29013135610271484,0
576,6145-NNPNO,0.470402855170545,0
577,5680-LQOGP,0.009835259447146923,0
578,0531-XBKMM,0.03161588119081529,0
579,6728-DKUCO,0.162965157967451,0
580,1469-LBJQJ,0.4416670856939903,0
581,3967-VQOGC,0.0027301507365844234,0
582,1841-YSJGV,0.024889348567923558,0
583,9762-YAQAA,0.10427500825549987,0
584,3279-DYZQM,0.007742223814873704,0
585,2393-DIVAI,0.17036047123656,0
586,6300-BWMJX,0.22968626576037562,0
587,8095-WANWK,0.38368957754283406,0
588,7665-TOALD,0.7770346843200541,1
589,0754-UKWQP,0.784588709079831,1
590,9921-QFQUL,0.3041427604749429,0
591,4183-WCSEP,0.3170183488068736,0
592,4118-CEVPF,0.3144182817640933,0
593,1776-SPBWV,0.013741108055340462,0
594,8224-DWCKX,0.550138464505007,1
595,1830-IPXVJ,0.00847154748658746,0
596,8393-DLHGA,0.4301953088864547,0
597,8591-NXRCV,0.1666538450152643,0
598,4425-OWHWB,0.03583572400699274,0
599,3158-MOERK,0.8344511412425978,1
600,4083-BFNYK,0.10262842074786961,0
601,5955-EPOAZ,0.18420706747756668,0
602,9701-CDXHR,0.25538162637886197,0
603,9237-HQITU,0.6120456991272143,1
604,6458-CYIDZ,0.5049727726028288,1
605,7568-PODML,0.6279177755214459,1
606,3389-KTRXV,0.002420903670191674,0
607,3426-NIYYL,0.2515012048178097,0
608,9142-XMYJH,0.09225636447463553,0
609,8138-EALND,0.10900245490075136,0
610,7299-GNVPL,0.26342950123501596,0
611,9625-QNLUX,0.10317089910752163,0
612,4024-CSNBY,0.03864126295649974,0
613,5161-XEUVX,0.0896237068203643,0
614,1206-EHBDD,0.057716614445332055,0
615,7602-DBTOU,0.008104794757785699,0
616,5995-WWKKG,0.02504539242068377,0
617,7504-UWHNB,0.2510675261129978,0
618,9932-WBWIK,0.09520318037443135,0
619,5883-GTGVD,0.6131475594924897,1
620,5651-WYIPH,0.31632970092406837,0
621,1767-CJKBA,0.014692037895736339,0
622,9885-CSMWE,0.7612669122123376,1
623,3675-EQOZA,0.14163533059417172,0
624,8232-UTFOZ,0.011429471065172251,0
625,0117-LFRMW,0.15019298265702888,0
626,4250-WAROZ,0.2640757108155119,0
627,0871-URUWO,0.6826205616481752,1
628,3508-CFVZL,0.073197454002022,0
629,1154-HYWWO,0.09739037331342608,0
630,6257-DTAYD,0.07931894525746946,0
631,5960-MVTUK,0.5758677521578758,1
632,8946-BFWSG,0.0012165823831029848,0
633,4083-EUGRJ,0.10197105398883868,0
634,7698-YFGEZ,0.2776962311528188,0
635,0946-CLJTI,0.4336205559078477,0
636,9565-FLVCG,0.02110144879404979,0
637,9921-ZVRHG,0.4553256385303301,0
638,0356-OBMAC,0.10002890271958666,0
639,8784-CGILN,0.6510660680448233,1
640,2692-AQCPF,0.2328848161990735,0
641,3049-NDXFL,0.7781848197920673,1
642,4501-UYKBC,0.135050701786535,0
643,9435-JMLSX,0.005540279938351627,0
644,5226-NOZFC,0.4526317493884014,0
645,8808-ELEHO,0.6553865960948053,1
646,8189-HBVRW,0.16241187270394558,0
647,2923-ARZLG,0.10701746878866075,0
648,1024-GUALD,0.5387108685549676,1
649,2810-FTLEM,0.2724524187233565,0
650,1699-UOTXU,0.045739514767058044,0
651,5915-ANOEI,0.015139557904250953,0
652,8816-VXNZD,0.7892867998598672,1
653,1360-RCYRT,0.15141153697869447,0
654,0576-WNXXC,0.40567644972314815,0
655,3174-AKMAS,0.03142140647698411,0
656,6770-XUAGN,0.31249742486197574,0
657,7480-SPLEF,0.005063720392734725,0
658,7025-IWFHT,0.11588400710523392,0
659,5474-LAMUQ,0.01405379277920662,0
660,1208-NBVFH,0.15691869228974042,0
661,5876-QMYLD,0.010820352955614721,0
662,6715-OFDBP,0.41472481206376005,0
663,4074-SJFFA,0.59020803732469,1
664,7219-TLZHO,0.1390918804007339,0
665,4937-QPZPO,0.18732028046715013,0
666,0748-RDGGM,0.22518381297136641,0
667,7011-CVEUC,0.37956175934497466,0
668,0013-EXCHZ,0.7771909125076649,1
669,4124-MMETB,0.4791032911967029,0
670,9261-WDCAF,0.5466043914688755,1
671,2475-MROZF,0.3154326578925832,0
672,5820-PTRYM,0.09608111358139268,0
673,6060-DRTNL,0.7540720544666379,1
674,2883-ILGWO,0.3595884615044752,0
675,0641-EVBOJ,0.6758562756576053,1
676,0674-GCDXG,0.041791997556604545,0
677,5628-RKIFK,0.4105004768713257,0
678,9102-IAYHT,0.6137848988596629,1
679,5207-PLSTK,0.5314369697853768,1
680,0623-IIHUG,0.39878838551296986,0
681,6050-IJRHS,0.22413074109473843,0
682,3920-HIHMQ,0.14780324879632853,0
683,6173-ITPWD,0.24309682005380806,0
684,2056-EVGZL,0.20339842283451395,0
685,5729-KLZAR,0.6472027090693748,1
686,0432-CAJZV,0.7166312608741854,1
687,5296-PSYVW,0.005525528629327232,0
688,1971-DTCZB,0.0036314118352911455,0
689,8016-ZMGMO,0.06863865461622125,0
690,1686-STUHN,0.015821049444461666,0
691,8722-NGNBH,0.3032071523377548,0
692,6013-BHCAW,0.01645654808742308,0
693,8938-UMKPI,0.3929432027370565,0
694,7951-QKZPL,0.0035125022839295112,0
695,4484-GLZOU,0.4245780388622275,0
696,9837-FWLCH,0.13177668893759273,0
697,4195-PNGZS,0.0018048176772206318,0
698,3870-SPZSI,0.0839306532282206,0
699,7872-BAAZR,0.01770035029005967,0
700,4636-JGAAI,0.2628133059319621,0
701,1093-YSWCA,0.015439610365813287,0
702,8871-JLMHM,0.07972065667138532,0
703,0181-RITDD,0.09657343606533558,0
704,0374-IOEGQ,0.4562561026818481,0
705,0655-YDGFJ,0.18349445463212505,0
706,6114-TCFID,0.06310173720576859,0
707,2133-TSRRM,0.38458330387475315,0
708,9057-SIHCH,0.8140635705750416,1
709,3059-NGMXB,0.23449695163137252,0
710,0971-QIFJK,0.005411892265690868,0
711,4718-DHSMV,0.42218355279976494,0
712,0089-IIQKO,0.47607416503070765,0
713,0620-XEFWH,0.1256963324384697,0
714,3935-TBRZZ,0.023717221584031264,0
715,3318-ISQFQ,0.15987487690995666,0
716,7608-RGIRO,0.009933844985362678,0
717,1087-UDSIH,0.1951896889595844,0
718,0820-FNRNX,0.18516356414208193,0
719,3716-UVSPD,0.5730326075557883,1
720,3062-ICYZQ,0.2684630956307805,0
721,4323-OHFOW,0.2621971283842783,0
722,1689-MRZQR,0.39924318437884976,0
723,3766-EJLFL,0.11512418937752067,0
724,8627-EHGIP,0.16698075058149967,0
725,5821-MMEIL,0.004238959056497092,0
726,8200-KLNYW,0.16886770538268464,0
727,5846-ABOBJ,0.005525528629327232,0
728,9609-BENEA,0.09629994490260657,0
729,2219-MVUSO,0.3821873515872467,0
730,3649-JPUGY,0.007191993578109731,0
731,7634-HLQJR,0.0018146191232077764,0
732,5136-KCKGI,0.24929123775611953,0
733,2808-CHTDM,0.003011563010851015,0
734,9327-QSDED,0.3078259843588491,0
735,8259-DZLIZ,0.056752727923426075,0
736,4683-WYDOU,0.16667411584772204,0
737,1089-HDMKP,0.2832717216498204,0
738,0023-XUOPT,0.5087235818767364,1
739,8950-MTZNV,0.5663769246714939,1
740,3865-ZFZIB,0.014921885443640837,0
741,3312-ZWLGF,0.4463885611783062,0
742,9367-WXLCH,0.6072112042709261,1
743,1221-GHZEP,0.03539754662747423,0
744,0859-YGKFW,0.0251494076126488,0
745,3319-DWOEP,0.7754311960949977,1
746,5022-KVDQT,0.4469503730443256,0
747,2885-HIJDH,0.007444699126669798,0
748,3452-FLHYD,0.03342046637983838,0
749,4537-DKTAL,0.5951941900925144,1
750,8434-VGEQQ,0.0011986437007807408,0
751,0512-FLFDW,0.23285309204047647,0
752,7336-RLLRH,0.12408751876924617,0
753,4195-SMMNX,0.11193695564245344,0
754,2103-ZRXFN,0.5531221447187576,1
755,1096-ADRUX,0.11921449455652015,0
756,0434-CSFON,0.4487916023727437,0
757,8590-OHDIW,0.014863587292714928,0
758,6557-BZXLQ,0.390040762407191,0
759,3511-BFTJW,0.03984036120870599,0
760,4647-MUZON,0.45674729625410543,0
761,0214-JHPFW,0.06707369984051623,0
762,2372-HWUHI,0.4875510150082264,0
763,3536-IQCTX,0.4338902367177881,0
764,0463-WZZKO,0.19887170396372902,0
765,2040-LDIWQ,0.007001841120872033,0
766,8718-PTMEZ,0.3227811653035063,0
767,6637-KYRCV,0.43032551412375797,0
768,1423-BMPBQ,0.2886069179666589,0
769,0021-IKXGC,0.8101954658282687,1
770,2674-MIAHT,0.5706675915788326,1
771,8086-OVPWV,0.7150178273460206,1
772,8261-GWDBQ,0.10640686400253668,0
773,6483-OATDN,0.27637761086743573,0
774,3793-MMFUH,0.7471855312886084,1
775,1088-AUUZZ,0.016560685151751478,0
776,8224-UAXBZ,0.10596489300646876,0
777,3908-BLSYF,0.574553297364711,1
778,6242-FEGFD,0.08653877906267464,0
779,0913-XWSCN,0.3874693497089321,0
780,4137-BTIKL,0.682503357166224,1
781,8237-ULIXL,0.005525528629327232,0
782,7841-FCRQD,0.10233986613355922,0
783,2495-TTHBQ,0.061148850277579346,0
784,4671-VJLCL,0.026260628769748315,0
785,9058-CBREO,0.5855980062613453,1
786,5539-TMZLF,0.7894206784683075,1
787,1043-YCUTE,0.007512548602964622,0
788,5375-XLDOF,0.0814932164814125,0
789,5172-RKOCB,0.02551321024073914,0
790,0520-FDVVT,0.2075660463781278,0
791,2740-TVLFN,0.5430553118152344,1
792,6332-FBZRI,0.06096796531338414,0
793,9769-TSBZE,0.03333199459554763,0
794,0107-WESLM,0.34096979237388697,0
795,5201-CBWYG,0.022856010141874078,0
796,3656-TKRVZ,0.32203405026135856,0
797,0013-SMEOE,0.03836977007426985,0
798,7912-SYRQT,0.5712868374323886,1
799,3780-DDGSE,0.2738366288405525,0
800,7008-LZVOZ,0.003000421006854693,0
801,6620-HVDUJ,0.13721368781651047,0
802,0719-SYFRB,0.19392917101661758,0
803,8203-XJZRC,0.27453871413700653,0
804,8727-XDPUD,0.06781192063218365,0
805,3842-QTGDL,0.3146762302370148,0
806,2960-NKRSO,0.2829609444768727,0
807,8075-GXIUB,0.054231483491118955,0
808,9842-EFSYY,0.298067159414615,0
809,2000-MPKCA,0.3524114057322267,0
810,7599-NTMDP,0.04617073897860593,0
811,5774-QPLTF,0.02536918022157051,0
812,3235-ETOOB,0.5383556335585056,1
813,4847-QNOKA,0.545667066095954,1
814,0674-DGMAQ,0.37853643669660636,0
815,6664-FPDAC,0.3530039330951083,0
816,7445-WMRBW,0.11117799635071904,0
817,1963-VAUKV,0.24915800110130606,0
818,6185-TASNN,0.6158057549152808,1
819,1431-AIDJQ,0.040069975494996066,0
820,4132-KALRO,0.84035600313961,1
821,4188-PCPIG,0.027321455651045202,0
822,1725-MIMXW,0.289276224257796,0
823,8417-FMLZI,0.6521990355700318,1
824,4373-MAVJG,0.5586794153015315,1
825,3373-DIUUN,0.0013682720912443058,0
826,7570-WELNY,0.05120532687189944,0
827,7803-XOCCZ,0.18357839722947747,0
828,8824-RWFXJ,0.3435864824497093,0
829,7049-GKVZY,0.16817923993588488,0
830,0581-MDMPW,0.4377121148039076,0
831,0057-QBUQH,0.009183837668336673,0
832,7480-QNVZJ,0.47392569659686756,0
833,7868-TMWMZ,0.11667532159229882,0
834,9420-LOJKX,0.6593710666450111,1
835,5384-ZTTWP,0.06657269191080736,0
836,9741-YLNTD,0.6610121916374322,1
837,0701-RFGFI,0.4344079846823272,0
838,6838-HVLXG,0.07994591161427046,0
839,6506-EYCNH,0.1494581191243373,0
840,7587-AOVVU,0.36286158343636865,0
841,9467-ROOLM,0.082194622401865,0
842,8623-ULFNQ,0.23940872482058229,0
843,4505-EXZHB,0.4180437607433665,0
844,3892-NXAZG,0.024351740638566377,0
845,5049-MUBWG,0.08595169395796734,0
846,7707-PYBBH,0.16411658989295205,0
847,6051-PTVNS,0.014894915224263682,0
848,1731-TVIUK,0.696046106122253,1
849,1170-SASML,0.17742530943779886,0
850,2683-BPJSO,0.31177161104684264,0
851,6924-TDGMT,0.03385469440394362,0
852,8809-XKHMD,0.017200741604878025,0
853,3011-WQKSZ,0.09934588523257049,0
854,7529-ZDFXI,0.3219288695472104,0
855,3764-MNMOI,0.030554641205926148,0
856,6907-CQGPN,0.13952570347882617,0
857,3393-FMZPV,0.6075626896681012,1
858,3468-DRVQJ,0.1097296431583065,0
859,0096-FCPUF,0.13657484714990833,0
860,2675-DHUTR,0.4371919844792763,0
861,8805-JNRAZ,0.4505418174023329,0
862,8648-PFRMP,0.48794368636451424,0
863,6738-ISCBM,0.16698075058149967,0
864,6578-KRMAW,0.32880351040817485,0
865,2379-ENZGV,0.6858536757878662,1
866,0302-JOIVN,0.669878891736329,1
867,6259-WJQLC,0.47270753859329756,0
868,2081-KJSQF,0.39065774350016935,0
869,6609-MXJHJ,0.002924266989811864,0
870,7310-EGVHZ,0.28284867084696325,0
871,7789-CRUVC,0.1851949955758655,0
872,0959-WHOKV,0.1377441125644101,0
873,3446-QDSZF,0.48748333974748015,0
874,6481-ESCNL,0.4665132788140919,0
875,7672-VFMXZ,0.15936172479611557,0
876,7164-BPTUT,0.016770101823429126,0
877,6371-NZYEG,0.056016337640618995,0
878,0678-RLHVP,0.1449276172734341,0
879,4826-DXMUP,0.15300055155367415,0
880,0975-VOOVL,0.41687162906357705,0
881,0268-QKIWO,0.13855570204376147,0
882,7481-ATQQS,0.3354762159914635,0
883,3001-UNBTL,0.5011597453725404,1
884,0056-EPFBG,0.050618737267841524,0
885,8777-PVYGU,0.09632110426076407,0
886,5949-XIKAE,0.6230279355593642,1
887,6861-OKBCE,0.05967161290137647,0
888,7075-BNDVQ,0.3496916579175822,0
889,7252-NTGSS,0.5791565539063239,1
890,3537-RYBHH,0.20217245438092246,0
891,8778-LMWTJ,0.4735190579279411,0
892,6128-AQBMT,0.3511223106101824,0
893,9101-BWFSS,0.29916471490441354,0
894,3363-DTIVD,0.0895044742895898,0
895,3794-NFNCH,0.15730648479822296,0
896,2676-OXPPQ,0.30678189901859876,0
897,6478-HRRCZ,0.06400701980645582,0
898,2811-POVEX,0.4162128123965314,0
899,4929-XIHVW,0.7953531370261071,1
900,9837-BMCLM,0.6839858541786009,1
901,0697-ZMSWS,0.8006518280866007,1
902,1867-TJHTS,0.2692211417258067,0
903,3999-WRNGR,0.25587142099213306,0
904,9714-EDSUC,0.6815786038512067,1
905,1816-FLZDK,0.46700218430567586,0
906,2303-PJYHN,0.14327004494003096,0
907,8404-VIOMB,0.025910412991841714,0
908,3208-YPIOE,0.26972533464605275,0
909,1561-BWHIN,0.014926591660347906,0
910,7876-BEUTG,0.28374964101526956,0
911,1304-BCCFO,0.3775037579863256,0
912,9975-SKRNR,0.2294067928781022,0
913,9350-VLHMB,0.26848585656044455,0
914,5311-IHLEI,0.2535461052883949,0
915,4597-NUCQV,0.635066595663665,1
916,6976-BWGLQ,0.0016750463329462451,0
917,8845-LWKGE,0.09824435568187609,0
918,2558-BUOZZ,0.07208950851185718,0
919,1452-XRSJV,0.15637919540074313,0
920,1455-HFBXA,0.07610962464398238,0
921,0235-KGSLC,0.794129583296446,1
922,5345-BMKWB,0.11998888990769518,0
923,0011-IGKFF,0.6827996808147154,1
924,7493-TPUWZ,0.7857411167757954,1
925,9944-AEXBM,0.5240945761553641,1
926,0771-WLCLA,0.46539487961921466,0
927,4636-QRJKY,0.6284939337656149,1
928,2434-EEVDB,0.08885277375166228,0
929,6485-QXWWE,0.015151782263047258,0
930,2027-OAQQC,0.30781350208513253,0
931,8984-EYLLL,0.12951582267060435,0
932,8213-TAZPM,0.17171692814328934,0
933,9774-NRNAU,0.26190805705630793,0
934,3669-OYSJI,0.6054610151246008,1
935,2626-URJFX,0.40173037597505507,0
936,6848-YLDFR,0.09441389708444069,0
937,5334-JLAXU,0.26509735127289713,0
938,4018-KJYUY,0.04508520472655111,0
939,9560-BBZXK,0.05200470851940109,0
940,1101-SSWAG,0.2865622143376567,0
941,1208-DNHLN,0.11725690923725147,0
942,6022-KOUQO,0.40466973215500146,0
943,2770-NSVDG,0.21507774263401236,0
944,4890-VMUAV,0.08609135665846451,0
945,3537-HPKQT,0.2765121794250744,0
946,4803-AXVYP,0.5926630397361384,1
947,5816-JMLGY,0.0051777159817737286,0
948,3067-SVMTC,0.08650525549589666,0
949,1724-BQUHA,0.8063048892722169,1
950,8659-HDIYE,0.18472022557144727,0
951,7908-QCBCA,0.7312603385280937,1
952,6615-NGGZJ,0.7426255842017018,1
953,1833-VGRUM,0.8275243700847404,1
954,0196-VULGZ,0.8052291091813558,1
955,8885-QSQBX,0.4356730961338805,0
956,4077-CROMM,0.5015928227851989,1
957,3115-CZMZD,0.0738357624673756,0
958,9553-DLCLU,0.1360850997081047,0
959,0303-WMMRN,0.1898278624301869,0
960,1077-HUUJM,0.5711694672179045,1
961,9839-ETQOE,0.15653846153539822,0
962,0397-GZBBC,0.44009490135883,0
963,4697-LUPSU,0.06345400942694271,0
964,3612-YUNGG,0.1237698096701139,0
965,1984-GPTEH,0.11682246687548173,0
966,6368-TZZDT,0.03673111807386246,0
967,3131-NWVFJ,0.021518726918273987,0
968,9480-BQJEI,0.06925695338955518,0
969,5195-KPUNQ,0.09980228295375491,0
970,4891-NLUBA,0.01328136063765162,0
971,4143-HHPMK,0.2793017733769496,0
972,0106-UGRDO,0.0918671192473952,0
973,4589-IUAJB,0.005411892265690868,0
974,0436-TWFFZ,0.012685692949680522,0
975,4529-CKBCL,0.7150178273460206,1
976,5346-BZCHP,0.008874180870743804,0
977,8879-ZKJOF,0.12622006189688612,0
978,8263-OKETD,0.1196774760718189,0
979,2091-GPPIQ,0.02114695250960365,0
980,5688-KZTSN,0.10334596959625886,0
981,0727-BMPLR,0.24233965120905426,0
982,0151-ONTOV,0.7165866165462821,1
983,8234-GSZYK,0.014305249655546288,0
984,9371-BITHB,0.0037193810279696803,0
985,1579-KLYDT,0.6694514017186168,1
986,4079-WWQQQ,0.018967168385619154,0
987,2137-DQMEV,0.07065297630322656,0
988,7134-HBPBS,0.059289101639059344,0
989,4236-XPXAV,0.7089855728016836,1
990,6174-NRBTZ,0.0984421083109891,0
991,5692-ICXLW,0.4713047410652385,0
992,0869-PAPRP,0.4338319317305118,0
993,4547-LYTDD,0.3705243894582945,0
994,1658-XUHBX,0.3256619736734504,0
995,7473-ZBDSN,0.0158836279798847,0
996,0887-WBJVH,0.1869707333753064,0
997,6897-UUBNU,0.2777411120097924,0
998,5158-RIVOP,0.01193821513332162,0
999,7696-AMHOD,0.09237041305137687,0
1000,0824-VWDPO,0.08186084881184197,0
1001,7548-SEPYI,0.7727335201607258,1
1002,2519-TWKFS,0.1020856202504043,0
1003,3594-IVHJZ,0.17283212605836565,0
1004,2750-BJLSB,0.30837746193814297,0
1005,1703-MGIAB,0.19036419583169198,0
1006,3761-FLYZI,0.3646319280411225,0
1007,3331-HQDTW,0.40331364283863375,0
1008,6736-DHUQI,0.130888040247457,0
1009,2900-PHPLN,0.021186596455156435,0
1010,5572-ZDXHY,0.43993495698979257,0
1011,5803-NQJZO,0.01657849746028774,0
1012,7521-AFHAB,0.34992742896170137,0
1013,0378-TOVMS,0.6089236998319112,1
1014,7328-ZJAJO,0.00910619158311917,0
1015,8405-IGQFX,0.07558371384243201,0
1016,9392-XBGTD,0.007041771627151201,0
1017,1926-QUZNN,0.005635873685967127,0
1018,4614-NUVZD,0.8532115163130607,1
1019,4311-QTTAI,0.025946324666950096,0
1020,8097-OMULG,0.11296471884471869,0
1021,6776-TLWOI,0.13608979295285237,0
1022,9504-DSHWM,0.15413436799063182,0
1023,9921-EZKBY,0.30052810782708334,0
1024,7273-TEFQD,0.6398863385940309,1
1025,7820-ZYGNY,0.13664454229407771,0
1026,2371-JUNGC,0.09094573799499696,0
1027,0916-KNFAJ,0.032051433263864226,0
1028,7764-BDPEE,0.1217439260139407,0
1029,5304-EFJLP,0.025918722069421047,0
1030,6435-SRWBJ,0.6657473511398083,1
1031,2386-OWURY,0.3266293609224337,0
1032,9121-PHQSR,0.7023551099238629,1
1033,3339-EAQNV,0.1513305949165985,0
1034,8007-YYPWD,0.024901167749232515,0
1035,0221-NAUXK,0.027571217728112694,0
1036,7005-CCBKV,0.6813572381439827,1
1037,3914-FDRHP,0.5648190951822629,1
1038,7639-LIAYI,0.029093623020590785,0
1039,0187-WZNAB,0.26667224511804355,0
1040,0027-KWYKW,0.5387796112696348,1
1041,2824-DXNKN,0.019180405768837634,0
1042,7855-DIWPO,0.2885074070968957,0
1043,6377-WHAOX,0.4386046846558069,0
1044,7439-DKZTW,0.8482734075581212,1
1045,7606-BPHHN,0.013903240716677671,0
1046,7893-IXHRQ,0.2550985841008305,0
1047,2858-EIMXH,0.22162353728148212,0
1048,0315-LVCRK,0.48094646097947114,0
1049,8740-XLHDR,0.4355164357171573,0
1050,5277-ZLOOR,0.8473923193917818,1
1051,5151-HQRDG,0.17764137753829426,0
1052,1614-JBEBI,0.11945586181671071,0
1053,6686-YPGHK,0.2955205164493811,0
1054,8992-JQYUN,0.5689191712720468,1
1055,5597-GLBUC,0.794129583296446,1
1056,9129-UXERG,0.6013716129156887,1
1057,6340-DACFT,0.0037193810279696803,0
1058,3164-AALRN,0.2810093540866601,0
1059,2338-BQEZT,0.18166173987196987,0
1060,4983-CCWMC,0.5106308951647035,1
1061,4550-VBOFE,0.40902593741329535,0
1062,1162-ECVII,0.02650344537742737,0
1063,5397-TUPSH,0.12693534181020005,0
1064,6584-VQMYT,0.04767008590108877,0
1065,6821-BUXUX,0.614615249115432,1
1066,8752-STIVR,0.6938421623842261,1
1067,2121-JAFOM,0.01965229340519713,0
1068,0068-FIGTF,0.12815569033216392,0
1069,6086-ESGRL,0.7658444399059728,1
1070,3407-QGWLG,0.15306207694202187,0
1071,5327-CNLUQ,0.09651701551939576,0
1072,6718-BDGHG,0.12093703270312468,0
1073,6322-PJJDJ,0.13379558975234215,0
1074,7721-DVEKZ,0.25119714067763604,0
1075,1741-WTPON,0.10936408145375086,0
1076,5393-RXQSZ,0.778716698426606,1
1077,7318-EIVKO,0.2617858009692271,0
1078,4254-QPEDE,0.02928471983198874,0
1079,7779-LGOVN,0.7814074559722712,1
1080,8519-IMDHU,0.713215864439563,1
1081,6859-RKMZJ,0.3467211305936369,0
1082,0343-QLUZP,0.04527237713521218,0
1083,8849-AYPTR,0.39337606774666495,0
1084,5012-YSPJJ,0.1413565540524452,0
1085,2215-ZAFGX,0.7605945881105263,1
1086,1436-ZMJAN,0.34261578520326713,0
1087,2592-YKDIF,0.25010362757884746,0
1088,2506-CLAKW,0.6961887207444396,1
1089,1875-QIVME,0.7698488917682218,1
1090,9978-HYCIN,0.1727719860378324,0
1091,7758-XKCBS,0.3270059017988757,0
1092,7638-QVMVY,0.6965284288266769,1
1093,1597-LHYNC,0.43623946113906625,0
1094,3523-QRQLL,0.1698490738964999,0
1095,1777-JYQPJ,0.4786892482049987,0
1096,8286-AFUYI,0.4989248555403833,0
1097,3256-EZDBI,0.3628909698559838,0
1098,7314-OXENN,0.7081779308379821,1
1099,2309-OSFEU,0.442655599807274,0
1100,8082-GHXOP,0.19884535081350116,0
1101,3915-ODIYG,0.09202063937847722,0
1102,8910-LEDAG,0.3840831450982899,0
1103,7722-CVFXN,0.23041322186682212,0
1104,7538-GWHML,0.6434296815270986,1
1105,0637-KVDLV,0.7064478849627713,1
1106,5619-XZZKR,0.05024280547449873,0
1107,7010-ZMVBF,0.0737730102444068,0
1108,8066-POXGX,0.41214067138843036,0
1109,7176-WIONM,0.3991838317306805,0
1110,9974-JFBHQ,0.3707210276901073,0
1111,2642-MAWLJ,0.0025387570542422587,0
1112,4159-NAAIX,0.11396965620637296,0
1113,0516-UXRMT,0.08705690769882261,0
1114,9853-JFZDU,0.16733806042506497,0
1115,9470-XCCEM,0.37466367639777237,0
1116,1702-CCFNJ,0.145024311278831,0
1117,4220-TINQT,0.41016868517051847,0
1118,1871-MOWRM,0.385149240094578,0
1119,7663-CUXZB,0.13017138790833563,0
1120,2667-WYLWJ,0.030494888206204506,0
1121,6840-RESVB,0.13580867805463925,0
1122,4701-MLJPN,0.18956875620723498,0
1123,7693-QPEFS,0.3732469142541425,0
1124,7572-KPVKK,0.14639662066171705,0
1125,1574-DYCWE,0.0037193810279696803,0
1126,2176-LVPNX,0.03083353669833718,0
1127,9091-WTUUY,0.022297316489769296,0
1128,7969-AULMZ,0.5312733927888109,1
1129,4361-JEIVL,0.5023159735963866,1
1130,5834-ASPWA,0.7979469386298927,1
1131,7771-CFQRQ,0.02222735861824169,0
1132,5514-YQENT,0.1623198487879366,0
1133,3863-QSTYI,0.13137944294690987,0
1134,4628-WQCQQ,0.14982777361831656,0
1135,3639-XJHKQ,0.15768406214426925,0
1136,9309-BZGNT,0.11371357917687337,0
1137,6996-KNSML,0.752084630421092,1
1138,2933-FILNV,0.47869336367222126,0
1139,1297-VQDRP,0.22141908258852414,0
1140,8869-TORSS,0.11777464661973125,0
1141,1972-XMUWV,0.04002196127621789,0
1142,3074-GQWYX,0.641124172903481,1
1143,7673-BQGKU,0.0025656387746723665,0
1144,1363-TXLSL,0.7721474932472013,1
1145,5213-TWWJU,0.2947569871146477,0
1146,8751-EDEKA,0.2696649926444837,0
1147,5872-OEQNH,0.10154958481701558,0
1148,4607-CHPCA,0.22661675670779194,0
1149,2968-SSGAA,0.7929908712610522,1
1150,0657-DOGUM,0.13991397609772915,0
1151,6352-GIGGQ,0.11559300882915348,0
1152,6928-ONTRW,0.007255733029415741,0
1153,1608-GMEWB,0.46744211855930795,0
1154,6437-UKHMV,0.699763167659253,1
1155,4828-FAZPK,0.4586327009794465,0
1156,9743-DQKQW,0.44584252944277436,0
1157,8847-GEOOQ,0.21176478866998924,0
1158,7623-TRNQN,0.4595654227659359,0
1159,5844-QVTAT,0.09217238128037712,0
1160,8046-DNVTL,0.055812478902502065,0
1161,5924-SNGKP,0.031102604432565243,0
1162,4176-RELJR,0.016488391471118045,0
1163,3982-DQLUS,0.2424832412918706,0
1164,2226-ICFDO,0.0035489131598971414,0
1165,5789-LDFXO,0.035309987096311175,0
1166,8645-KOMJQ,0.0034216100603754527,0
1167,7009-LGECI,0.36003661195256403,0
1168,6298-QDFNH,0.4589280533812692,0
1169,5003-OKNNK,0.03206372310864845,0
1170,9732-OUYRN,0.02853355324876645,0
1171,9898-KZQDZ,0.471291727486046,0
1172,4911-BANWH,0.4921716477690796,0
1173,5960-WPXQM,0.8423904374978665,1
1174,7601-DHFWZ,0.007185386784390374,0
1175,4423-JWZJN,0.1520709429243134,0
1176,5092-STPKP,0.16134751860476648,0
1177,0297-RBCSG,0.14896886205165888,0
1178,4307-KTUMW,0.23662525442617766,0
1179,6439-LAJXL,0.22114845118296012,0
1180,6629-LADHQ,0.38220587473828965,0
1181,5229-PRWKT,0.7377551135756362,1
1182,6010-DDPPW,0.008535435389233991,0
1183,4672-FOTSD,0.1836998832246345,0
1184,1853-UDXBW,0.7332223074574629,1
1185,3719-TDVQB,0.03613462341030226,0
1186,5394-MEITZ,0.009431685223129928,0
1187,5859-HZYLF,0.017853265542167734,0
1188,3422-WJOYD,0.06713192275949646,0
1189,9933-QRGTX,0.10664682093475536,0
1190,3200-MNQTF,0.0370006672444796,0
1191,0943-ZQPXH,0.3138873350949309,0
1192,2725-KXXWT,0.8174334097541365,1
1193,3061-BCKYI,0.09424612452020507,0
1194,9065-ZCPQX,0.007311888374239552,0
1195,9272-LSVYH,0.41035359787250314,0
1196,6646-VRFOL,0.4137449644901068,0
1197,0817-HSUSE,0.5407875874230348,1
1198,3985-HOYPM,0.016916653931651385,0
1199,1125-SNVCK,0.3208661477460457,0
1200,2672-DZUOY,0.5645334253959827,1
1201,7952-OBOYL,0.6868911538640151,1
1202,1043-UXOVO,0.0768061025771332,0
1203,1991-VOPLL,0.13112969047467268,0
1204,1095-JUDTC,0.30602505921255274,0
1205,4385-ZKVNW,0.1888009509833812,0
1206,8709-KRDVL,0.5972863672108949,1
1207,4530-NDRKU,0.02856391531073459,0
1208,4568-KNYWR,0.03823604669042859,0
1209,8020-BWHYL,0.4831395507669871,0
1210,6904-JLBGY,0.054300247126677095,0
1211,4079-ULGFR,0.09643277137142736,0
1212,4750-ZRXIU,0.8034233254791578,1
1213,9750-BOOHV,0.06993229427894515,0
1214,8735-SDUFN,0.010323588928715804,0
1215,0471-LVHGK,0.15905916367917497,0
1216,9108-EJFJP,0.49508089115541876,0
1217,0164-APGRB,0.057885814402544374,0
1218,4808-YNLEU,0.11631967202423776,0
1219,2616-UUTFK,0.1722060529196623,0
1220,5606-AMZBO,0.5450427561278355,1
1221,7609-YBPXG,0.02644486121611684,0
1222,7109-CQYUZ,0.027205019241546745,0
1223,6905-NIQIN,0.4096963825444956,0
1224,5515-IDEJJ,0.20834472323627062,0
1225,3721-WKIIL,0.019786816061832826,0
1226,6094-ZIVKX,0.06933978883951719,0
1227,5760-FXFVO,0.5612922409334579,1
1228,8799-OXZMD,0.18506920445191752,0
1229,0428-AXXLJ,0.033560689332467246,0
1230,1839-FBNFR,0.004636105875563793,0
1231,2135-RXIHG,0.6005110044061268,1
1232,5989-AXPUC,0.10105148150289998,0
1233,9152-AMKAK,0.15057755848889443,0
1234,7794-JASDG,0.5330290797471069,1
1235,3871-IKPYH,0.6726091198569499,1
1236,9494-MRNYX,0.45938254757088437,0
1237,7786-WBJYI,0.4662967649924591,0
1238,7000-WCEVQ,0.2757917003968279,0
1239,3090-LETTY,0.3463918734534945,0
1240,0197-PNKNK,0.12081160752813476,0
1241,3665-JATSN,0.2565204664811562,0
1242,4905-JEFDW,0.22670844377514698,0
1243,1709-EJDOX,0.005701579255428501,0
1244,5186-SAMNZ,0.7833668552587274,1
1245,2931-XIQBR,0.1897256836313272,0
1246,0956-SYCWG,0.01928463302698769,0
1247,5945-AZYHT,0.18030289853891254,0
1248,9945-PSVIP,0.017853265542167734,0
1249,7663-RGWBC,0.5453886898066567,1
1250,5716-LIBJC,0.3763845960819592,0
1251,6752-APNJL,0.1561407292952284,0
1252,7815-PDTHL,0.00826660225051335,0
1253,3808-HFKDE,0.17636799238373368,0
1254,9764-REAFF,0.02237157412880399,0
1255,0804-YGEQV,0.027748127634111597,0
1256,6916-HIJSE,0.01786051832215113,0
1257,8838-GPHZP,0.010221133380417533,0
1258,1545-ACTAS,0.16505682259823787,0
1259,5356-CSVSQ,0.3460619382946551,0
1260,4232-JGKIY,0.2294067928781022,0
1261,0746-JTRFU,0.5427231186377977,1
1262,8840-DQLGN,0.42890193699057183,0
1263,5766-FTRTS,0.0051959011559711684,0
1264,5458-CQJTA,0.0198738970039119,0
1265,9904-EHEVJ,0.4157202801421988,0
1266,8985-OOPOS,0.2241961201885994,0
1267,5196-SGOAK,0.7663137322760892,1
1268,5271-DBYSJ,0.6251782057109019,1
1269,6023-YEBUP,0.8327127479718588,1
1270,9944-HKVVB,0.7657282254528123,1
1271,9003-CPATH,0.21618360173303677,0
1272,7905-NJMXS,0.22175676955921353,0
1273,6143-JQKEA,0.37383621231980224,0
1274,0723-VSOBE,0.1539355049233669,0
1275,9589-ABEPT,0.04199059342564323,0
1276,5862-BRIXZ,0.04294566663080345,0
1277,6481-OGDOO,0.07222307818751533,0
1278,9546-KDTRB,0.11349864855812761,0
1279,9796-MVYXX,0.07397876353499899,0
1280,6960-HVYXR,0.7272017244964454,1
1281,3750-CKVKH,0.5237250783680782,1
1282,1723-HKXJQ,0.5063834171474241,1
1283,4088-YLDSU,0.24634232524750313,0
1284,4329-YPDDQ,0.45924699618766013,0
1285,7614-QVWQL,0.15700484654393285,0
1286,4343-EJVQB,0.3861984136064484,0
1287,6266-QHOJZ,0.08610782947559749,0
1288,5799-JRCZO,0.027679701699356022,0
1289,6198-PNNSZ,0.3022114180248689,0
1290,9184-GALIL,0.060032813994467006,0
1291,0265-PSUAE,0.5674915024801802,1
1292,3948-FVVRP,0.2692305452724177,0
1293,6786-OBWQR,0.7292238374662817,1
1294,2307-FYNNL,0.14758378519883705,0
1295,5049-GLYVG,0.2503617419955674,0
1296,3803-KMQFW,0.2109830457971555,0
1297,5175-WLYXL,0.44693699536067055,0
1298,5013-SBUIH,0.18303651221805503,0
1299,7228-OMTPN,0.8080818987114692,1
1300,2202-CUYXZ,0.7884756188398498,1
1301,7446-KQISO,0.16899136389990554,0
1302,2731-GJRDG,0.3007893645105158,0
1303,3902-MIVLE,0.015814204832481037,0
1304,4043-MKDTV,0.04400829749192145,0
1305,2982-IHMFT,0.824329860285946,1
1306,8966-SNIZF,0.009764704578450667,0
1307,8292-ITGYJ,0.0028223166352019345,0
1308,2690-DVRVK,0.04698197308721507,0
1309,6921-OZMFH,0.3287040973152029,0
1310,1400-MMYXY,0.76855465431256,1
1311,5144-PQCDZ,0.15957292515556565,0
1312,1501-SGHBW,0.5940049136067264,1
1313,1133-KXCGE,0.020508070244726322,0
1314,8132-YPVBX,0.6876708259375749,1
1315,3977-QCRSL,0.11809521558754929,0
1316,7883-ROJOC,0.17809884881985755,0
1317,6278-FEPBZ,0.10197105398883868,0
1318,8144-DGHXP,0.0250637339542845,0
1319,0508-SQWPL,0.003019004005802349,0
1320,8745-PVESG,0.07686446935801801,0
1321,6469-QJKZW,0.14219759362131906,0
1322,1891-UAWWU,0.3576829998140624,0
1323,6080-TCMYC,0.3626174215754979,0
1324,9089-UOWJG,0.26068324713226043,0
1325,6728-VOIFY,0.19813130133477394,0
1326,8229-TNIQA,0.5147166639414481,1
1327,2242-MFOTG,0.0894050376172955,0
1328,2672-TGEFF,0.38338338346557627,0
1329,0378-CJKPV,0.024526303329035732,0
1330,8592-PLTMQ,0.03740547269401546,0
1331,2916-BQZLN,0.34466299826230995,0
1332,7225-CBZPL,0.6073327450189747,1
1333,8345-MVDYC,0.027361076467017992,0
1334,4685-ERGHK,0.15347071631930465,0
1335,0487-RPVUM,0.2589963603693873,0
1336,7854-EKTJL,0.16540109647875706,0
1337,3541-ZNUHK,0.21476666814519266,0
1338,3705-RHRFR,0.08548095194271166,0
1339,3258-SYSWS,0.04966049070516856,0
1340,1750-CSKKM,0.34648940022557073,0
1341,0442-ZXKVS,0.29871683302221025,0
1342,3129-AAQOU,0.005545564198322635,0
1343,4102-HLENU,0.05673293165092014,0
1344,1139-WUOAH,0.05906928375713214,0
1345,3410-YOQBQ,0.032274412004395375,0
1346,4274-DRSQT,0.1214362907043872,0
1347,9200-NLNPD,0.18391918783532799,0
1348,4295-YURET,0.05045751270105635,0
1349,8305-VHZBZ,0.401467700210126,0
1350,3164-YAXFY,0.26346188577657975,0
1351,1656-DRSMG,0.26339008001057296,0
1352,4686-UXDML,0.6035167165693718,1
1353,9603-OAIHC,0.7841415840708708,1
1354,8496-DMZUK,0.12928486095908145,0
1355,2657-ALMWY,0.3327841382971641,0
1356,2737-YNGYW,0.7029793451488644,1
1357,8981-FJGLA,0.476463738242878,0
1358,2468-SJFLM,0.7648079452481775,1
1359,6834-NXDCA,0.27095960982640344,0
1360,8680-CGLTP,0.11157410342205555,0
1361,2956-GGUCQ,0.45867593809715757,0
1362,9351-HXDMR,0.02313131354392649,0
1363,1921-KYSAY,0.12495446322404176,0
1364,7601-WFVZV,0.24431408634995055,0
1365,0853-NWIFK,0.16005936164480342,0
1366,9638-JIQYA,0.5427231186377977,1
1367,0533-BNWKF,0.26076520508851325,0
1368,1626-ERCMM,0.4983849556219303,0
1369,2692-BUCFV,0.5574119776598145,1
1370,8185-UPYBR,0.6179153676179404,1
1371,6260-XLACS,0.05453910019054841,0
1372,2792-LSHWX,0.7016789128537253,1
1373,3001-CBHLQ,0.5326365502401799,1
1374,5686-CMAWK,0.17866807577491323,0
1375,1347-KTTTA,0.1850146974783582,0
1376,5766-ZJYBB,0.23254900695983974,0
1377,6096-EGVTU,0.023663463558023148,0
1378,2402-TAIRZ,0.08267808401587255,0
1379,2237-ZFSMY,0.14006791513877861,0
1380,2639-UGMAZ,0.15755148035159766,0
1381,5792-JALQC,0.06736226553375096,0
1382,2957-LOLHO,0.3123989293704195,0
1383,0058-EVZWM,0.2714908170627199,0
1384,4116-IQRFR,0.07047314315010846,0
1385,3071-VBYPO,0.5908989117287673,1
1386,0906-QVPMS,0.02173385366651886,0
1387,5857-TYBCJ,0.3346312050655696,0
1388,2074-GKOWZ,0.7460318206605261,1
1389,4633-MKHYU,0.7739358192859735,1
1390,4565-NLZBV,0.005635873685967127,0
1391,4032-RMHCI,0.09781849014524097,0
1392,5527-ACHSO,0.3383482249454207,0
1393,0334-ZFJSR,0.0999393160269823,0
1394,4706-DGAHW,0.5975769264746809,1
1395,9127-QRZMH,0.1608608942450559,0
1396,4538-WNTMJ,0.02426678286611104,0
1397,7134-MJPDY,0.24812580262535866,0
1398,6734-JDTTV,0.004441989622336354,0
1399,0815-MFZGM,0.11916678849286212,0
1400,4115-NZRKS,0.7862379381754492,1
1401,3714-NTNFO,0.38903955125155887,0
1402,0036-IHMOT,0.20721224893968695,0
1403,4623-ZKHLY,0.113966723092716,0
1404,5928-QLDHB,0.5547223638547646,1
1405,7901-TBKJX,0.44714510628201326,0
1406,0734-OXWBT,0.4128041432685532,0
1407,0842-IWYCP,0.21240625315834122,0
1408,8930-XOTDP,0.35672186469178785,0
